{"cameraMode":{"drawMode":0,"name":"Shaded","section":"Shading Mode"},"sceneLighting":true,"audioPlay":false,"sceneViewState":{"showFog":true,"showMaterialUpdate":false,"showSkybox":true,"showFlares":true,"showImageEffects":true,"showParticleSystems":true},"in2DMode":false,"pivot":{"x":310.08001708984377,"y":61.50559997558594,"z":0.0},"rotation":{"x":-0.0554710291326046,"y":-0.004493069835007191,"z":-0.0002496079250704497,"w":0.998451292514801},"size":195.94557189941407,"orthographic":false}