{"cameraMode":{"drawMode":0,"name":"Shaded","section":"Shading Mode"},"sceneLighting":true,"audioPlay":false,"sceneViewState":{"showFog":true,"showMaterialUpdate":false,"showSkybox":true,"showFlares":true,"showImageEffects":true,"showParticleSystems":true},"in2DMode":false,"pivot":{"x":1.7495331764221192,"y":3.7220346927642824,"z":-1.4570999145507813},"rotation":{"x":0.0344526581466198,"y":0.048553913831710818,"z":-0.001675349660217762,"w":0.9982275366783142},"size":6.017241954803467,"orthographic":false}