{"cameraMode":{"drawMode":0,"name":"Shaded","section":"Shading Mode"},"sceneLighting":false,"audioPlay":false,"sceneViewState":{"showFog":true,"showMaterialUpdate":false,"showSkybox":false,"showFlares":true,"showImageEffects":true,"showParticleSystems":true},"in2DMode":false,"pivot":{"x":375.2167053222656,"y":197.89208984375,"z":-1799.188720703125},"rotation":{"x":-0.004499984905123711,"y":-0.001499991281889379,"z":-0.0000067344640228839129,"w":0.9999898076057434},"size":10.0,"orthographic":true}