{"cameraMode":{"drawMode":0,"name":"Shaded","section":"Shading Mode"},"sceneLighting":true,"audioPlay":false,"sceneViewState":{"showFog":true,"showMaterialUpdate":false,"showSkybox":true,"showFlares":true,"showImageEffects":true,"showParticleSystems":true},"in2DMode":false,"pivot":{"x":161.382080078125,"y":343.356201171875,"z":-6.375},"rotation":{"x":-0.004499984905123711,"y":-0.001499991281889379,"z":-0.0000067344640228839129,"w":0.9999898076057434},"size":233.271240234375,"orthographic":true}